zimbabwe, zimbabwe, zwe, זימבבואה
zambia, zambia, zmb, זמביה
yemen, yemen, yem, תימן
vietnam, vietnam, vnm, וייטנאם
venezuela, venezuela, ven, ונצואלה
vatican, vatican, vat, קרייתהוותיקן
vanuatu, vanuatu, vut, ונואטו
uzbekistan, uzbekistan, uzb, אוזבקיסטן
uruguay, uruguay, ury, אורוגוואי
micronesia, federatedstatesofmicronesia, fsm, מיקרונזיה
marshallis, marshallislands, mhl, איימרשל
nmarianais, norrnmarianaislands, mnp, איימריאנההצפוניים
usvirginis, unitedstatesvirginislands, vir, אייהבתולהשלארצותהברית
guam, guam, gum, גואם
americansamoa, americansamoa, asm, סמואההאמריקנית
puertorico, puertorico, pri, פוארטוריקו
unitedstatesofamerica, unitedstates, usa, ארצותהברית
sgeoandis, southgeorgiaandislands, sgs, אייג'ורג'יההדרומיתואייסנדוויץ'הדרומיים
brindianoceanter, britishindianoceanterritory, b69, הטריטוריההבריטיתבאוקיינוסההודי
sainlena, sainlena, shn, סנטהלנה
pitcairnis, pitcairnislands, pcn, פיטקרן
anguilla, anguilla, aia, אנגווילה
falklandis, falklandislandsmalvinas, b12, אייפוקלנד
caymanis, caymanislands, cym, אייקיימן
bermuda, bermuda, bmu, ברמודה
britishvirginis, britishvirginislands, vgb, אייהבתולההבריטיים
turksandcaicosis, turksandcaicosislands, tca, אייטרקסוקייקוס
montserrat, montserrat, msr, מונטסראט
jersey, jersey, jey, ג'רזי
guernsey, guernsey, ggy, גרנזי
isleofman, isleofman, imn, האימאן
unitedkingdom, unitedkingdom, uk, הממלכההמאוחדת
unitedarabemirates, unitedarabemirates, are, איחודהאמירויותהערביות
ukraine, ukraine, ukr, אוקראינה
uganda, uganda, uga, אוגנדה
turkmenistan, turkmenistan, tkm, טורקמניסטן
turkey, turkey, tur, טורקיה
tunisia, tunisia, tun, תוניסיה
trinidadandtobago, trinidadandtobago, tto, טרינידדוטובגו
tonga, tonga, ton, טונגה
togo, togo, tgo, טוגו
timor-leste, timor-leste, tls, מזרחטימור
thailand, thailand, tha, תאילנד
tanzania, tanzania, tza, טנזניה
tajikistan, tajikistan, tjk, טג׳יקיסטן
taiwan, taiwan, twn, טאיוואן
syria, syria, syr, סוריה
switzerland, switzerland, che, שווייץ
sweden, sweden, swe, שוודיה
eswatini, kingdomofeswatini, swz, אסוואטיני
suriname, suriname, sur, סורינאם
ssudan, southsudan, sds, דרוםסודאן
sudan, sudan, sdn, סודאן
srilanka, srilanka, lka, סרילנקה
spain, spain, esp, ספרד
southkorea, republicofkorea, kor, קוריאההדרומית
southafrica, southafrica, zaf, דרוםאפריקה
somalia, somalia, som, סומליה
somaliland, somaliland, sol, סומלילנד
solomonis, solomonislands, slb, איישלמה
slovakia, slovakia, svk, סלובקיה
slovenia, slovenia, svn, סלובניה
singapore, singapore, sgp, סינגפור
sierraleone, sierraleone, sle, סיירהלאון
seychelles, seychelles, syc, סיישל
serbia, serbia, srb, סרביה
senegal, senegal, sen, סנגל
saudiarabia, saudiarabia, sau, ערבהסעודית
sãotoméandprincipe, sãotoméandprincipe, stp, סאוטומהופרינסיפה
sanmarino, sanmarino, smr, סןמרינו
samoa, samoa, wsm, סמואה
stvinandgren, saintvincentandgrenadines, vct, סנטוינסנטוהגרנדינים
saintlucia, saintlucia, lca, סנטלוסיה
stkittsandnevis, saintkittsandnevis, kna, סנטקיטסונוויס
rwanda, rwanda, rwa, רואנדה
russia, russianfederation, rus, רוסיה
romania, romania, rou, רומניה
qatar, qatar, qat, קטר
portugal, portugal, pr1, פורטוגל
poland, poland, pol, פולין
philippines, philippines, phl, הפיליפינים
peru, peru, per, פרו
paraguay, paraguay, pry, פרגוואי
papuanewguinea, papuanewguinea, pn1, פפואהגינאההחדשה
panama, panama, pan, פנמה
palau, palau, plw, פלאו
pakistan, pakistan, pak, פקיסטן
oman, oman, omn, עומאן
norway, norway, nor, נורווגיה
northkorea, demrepkorea, prk, קוריאההצפונית
nigeria, nigeria, nga, ניגריה
niger, niger, ner, ניז'ר
nicaragua, nicaragua, nic, ניקרגואה
newzealand, newzealand, nzl, ניוזילנד
niue, niue, niu, ניואה
cookis, cookislands, cok, אייקוק
nerlands, nerlands, nld, הולנד
aruba, aruba, abw, ארובה
curaçao, curaçao, cuw, קוראסאו
nepal, nepal, npl, נפאל
nauru, nauru, nru, נאורו
namibia, namibia, nam, נמיביה
mozambique, mozambique, moz, מוזמביק
morocco, morocco, mar, מרוקו
wsahara, westernsahara, b28, סהרההמערבית
montenegro, montenegro, mne, מונטנגרו
mongolia, mongolia, mng, מונגוליה
moldova, moldova, mda, מולדובה
monaco, monaco, mco, מונקו
mexico, mexico, mex, מקסיקו
mauritius, mauritius, mus, מאוריציוס
mauritania, mauritania, mrt, מאוריטניה
malta, malta, mlt, מלטה
mali, mali, mli, מאלי
maldives, maldives, mdv, האייםהמלדיביים
malaysia, malaysia, mys, מלזיה
malawi, malawi, mwi, מלאווי
madagascar, madagascar, mdg, מדגסקר
northmacedonia, northmacedonia, mkd, מקדוניההצפונית
luxembourg, luxembourg, lux, לוקסמבורג
lithuania, lithuania, ltu, ליטא
liechtenstein, liechtenstein, lie, ליכטנשטיין
libya, libya, lby, לוב
liberia, liberia, lbr, ליבריה
lesotho, lesotho, lso, לסוטו
lebanon, lebanon, lbn, לבנון
latvia, latvia, lva, לטביה
laos, laopdr, lao, לאוס
kyrgyzstan, kyrgyzstan, kgz, קירגיזסטן
kuwait, kuwait, kwt, כווית
kosovo, kosovo, kos, קוסובו
kiribati, kiribati, kir, קיריבטי
kenya, kenya, ken, קניה
kazakhstan, kazakhstan, kaz, קזחסטן
jordan, jordan, jor, ירדן
japan, japan, jpn, יפן
jamaica, jamaica, jam, ג'מייקה
italy, italy, ita, איטליה
israel, israel, isr, ישראל
palestine, palestine, psx, ארץישראל
ireland, ireland, irl, אירלנד
iraq, iraq, irq, עיראק
iran, iran, irn, איראן
indonesia, indonesia, idn, אינדונזיה
india, india, ind, הודו
iceland, iceland, isl, איסלנד
hungary, hungary, hun, הונגריה
honduras, honduras, hnd, הונדורס
haiti, haiti, hti, האיטי
guyana, guyana, guy, גיאנה
guinea-bissau, guinea-bissau, gnb, גינאהביסאו
guinea, guinea, gin, גינאה
guatemala, guatemala, gtm, גואטמלה
grenada, grenada, grd, גרנדה
greece, greece, grc, יוון
ghana, ghana, gha, גאנה
germany, germany, deu, גרמניה
georgia, georgia, geo, גאורגיה
gambia, gambia, gmb, גמביה
gabon, gabon, gab, גבון
france, france, fra, צרפת
stpierreandmiquelon, saintpierreandmiquelon, spm, סן-פיירומיקלון
wallisandfutunais, wallisandfutunaislands, wlf, ואליסופוטונה
st-martin, saint-martin, maf, סןמרטן
st-barthélemy, saint-barthélemy, blm, סןברתלמי
frpolynesia, frenchpolynesia, pyf, פולינזיההצרפתית
newcaledonia, newcaledonia, ncl, קלדוניההחדשה
frsantarcticlands, frenchsournandantarcticlands, atf, הארצותהדרומיותוהאנטארקטיותשלצרפת
åland, ålandislands, ald, אולנד
finland, finland, fin, פינלנד
fiji, fiji, fji, פיג'י
ethiopia, ethiopia, eth, אתיופיה
estonia, estonia, est, אסטוניה
eritrea, eritrea, eri, אריתריאה
eqguinea, equatorialguinea, gnq, גינאההמשוונית
elsalvador, elsalvador, slv, אלסלוודור
egypt, egypt, egy, מצרים
ecuador, ecuador, ecu, אקוודור
dominicanrep, dominicanrepublic, dom, הרפובליקההדומיניקנית
dominica, dominica, dma, דומיניקה
djibouti, djibouti, dji, ג'יבוטי
greenland, greenland, grl, גרינלנד
faeroeis, faeroeislands, fro, אייפארו
denmark, denmark, dnk, דנמרק
czechia, czechrepublic, cze, צ'כיה
ncyprus, norrncyprus, cyn, הרפובליקההטורקיתשלצפוןקפריסין
cyprus, cyprus, cyp, קפריסין
cuba, cuba, cub, קובה
croatia, croatia, hrv, קרואטיה
côted'ivoire, côted'ivoire, civ, חוףהשנהב
costarica, costarica, cri, קוסטהריקה
demrepcongo, democraticrepublicofcongo, drc, הרפובליקההדמוקרטיתשלקונגו
congo, republicofcongo, cog, הרפובליקהשלקונגו
comoros, comoros, com, קומורו
colombia, colombia, col, קולומביה
china, china, chn, סין
macao, macao, mac, מקאו
hongkong, hongkong, hkg, הונגקונג
chile, chile, chl, צ'ילה
chad, chad, tcd, צ'אד
centralafricanrep, centralafricanrepublic, caf, הרפובליקההמרכז-אפריקאית
caboverde, republicofcaboverde, cpv, כףורדה
canada, canada, can, קנדה
cameroon, cameroon, cmr, קמרון
cambodia, cambodia, khm, קמבודיה
myanmar, myanmar, mmr, מיאנמר
burundi, burundi, bdi, בורונדי
burkinafaso, burkinafaso, bfa, בורקינהפאסו
bulgaria, bulgaria, bgr, בולגריה
brunei, bruneidarussalam, brn, ברוניי
brazil, brazil, bra, ברזיל
botswana, botswana, bwa, בוטסואנה
bosniaandherz, bosniaandherzegovina, bih, בוסניהוהרצגובינה
bolivia, bolivia, bol, בוליביה
bhutan, bhutan, btn, בהוטן
benin, benin, ben, בנין
belize, belize, blz, בליז
belgium, belgium, bel, בלגיה
belarus, belarus, blr, בלארוס
barbados, barbados, brb, ברבדוס
bangladesh, bangladesh, bgd, בנגלדש
bahrain, bahrain, bhr, בחריין
bahamas, bahamas, bhs, אייבהאמה
azerbaijan, azerbaijan, aze, אזרבייג'ן
austria, austria, aut, אוסטריה
australia, australia, aus, אוסטרליה
indianoceanter, indianoceanterritories, ioa, טריטוריהשלהאוקיינוסההודי
heardiandmcdonaldis, heardiandmcdonaldislands, hmd, האיהרדואיימקדונלד
norfolkisland, norfolkisland, nfk, נורפוק
ashmoreandcartieris, ashmoreandcartierislands, atc, אייאשמורוקרטייה
armenia, armenia, arm, ארמניה
argentina, argentina, arg, ארגנטינה
antiguaandbarb, antiguaandbarbuda, atg, אנטיגואהוברבודה
angola, angola, ago, אנגולה
andorra, andorra, and, אנדורה
algeria, algeria, dza, אלג'יריה
albania, albania, alb, אלבניה
afghanistan, afghanistan, afg, אפגניסטן
siachenglacier, siachenglacier, b45, קרחוןסיאצ'ן
antarctica, antarctica, ata, אנטארקטיקה
sintmaarten, sintmaarten, sxm, סנטמארטן
tuvalu, tuvalu, tuv, טובאלו
